{
	"format_version": "1.16.0",
	"minecraft:geometry": [
		{
			"description": {
				"identifier": "geometry.sinesword",
				"texture_width": 16,
				"texture_height": 16,
				"visible_bounds_width": 2,
				"visible_bounds_height": 3.5,
				"visible_bounds_offset": [0, 1.25, 0]
			},
			"bones": [
				{
					"name": "Main",
					"pivot": [0, 23.25, -1],
					"binding": "q.item_slot_to_bone_name(c.item_slot)",
					"cubes": [
						{
							"origin": [-1, 22.75, -3],
							"size": [2, 2, 4],
							"uv": {
								"north": {"uv": [2, 8], "uv_size": [2, 2]},
								"east": {"uv": [5, 2], "uv_size": [4, 2]},
								"south": {"uv": [9, 6], "uv_size": [2, 2]},
								"west": {"uv": [5, 4], "uv_size": [4, 2]},
								"up": {"uv": [5, 6], "uv_size": [2, 4]},
								"down": {"uv": [7, 10], "uv_size": [2, -4]}
							}
						},
						{
							"origin": [-2, 22.75, -4],
							"size": [4, 2, 1],
							"uv": {
								"north": {"uv": [9, 2], "uv_size": [4, 2]},
								"east": {"uv": [3, 10], "uv_size": [1, 2]},
								"south": {"uv": [9, 4], "uv_size": [4, 2]},
								"west": {"uv": [4, 11], "uv_size": [1, 2]},
								"up": {"uv": [9, 8], "uv_size": [4, 1]},
								"down": {"uv": [9, 10], "uv_size": [4, -1]}
							}
						},
						{
							"origin": [-2, 23.25, -16],
							"size": [1.25, 1.25, 12],
							"pivot": [-0.75, 22.25, -1],
							"rotation": [0, 0, 45],
							"uv": {
								"north": {"uv": [9, 11], "uv_size": [1, 1]},
								"east": {"uv": [0, 0], "uv_size": [12, 1]},
								"south": {"uv": [10, 11], "uv_size": [1, 1]},
								"west": {"uv": [0, 1], "uv_size": [12, 1]},
								"up": {"uv": [0, 2], "uv_size": [1, 12]},
								"down": {"uv": [1, 14], "uv_size": [1, -12]}
							}
						},
						{
							"origin": [-1.5, 22.25, 1],
							"size": [3, 3, 1],
							"uv": {
								"north": {"uv": [2, 2], "uv_size": [3, 3]},
								"east": {"uv": [4, 8], "uv_size": [1, 3]},
								"south": {"uv": [2, 5], "uv_size": [3, 3]},
								"west": {"uv": [2, 10], "uv_size": [1, 3]},
								"up": {"uv": [5, 10], "uv_size": [3, 1]},
								"down": {"uv": [8, 11], "uv_size": [3, -1]}
							}
						}
					]
				},
				{
					"name": "CircularPivot",
					"parent": "Main",
					"pivot": [0, 23.75, -5],
					"cubes": [
						{
							"origin": [-0.8, 25.75, -5],
							"size": [1.5, 0.5, 1],
							"uv": {
								"north": {"uv": [5, 11], "uv_size": [2, 1]},
								"east": {"uv": [11, 10], "uv_size": [1, 1]},
								"south": {"uv": [11, 6], "uv_size": [2, 1]},
								"west": {"uv": [11, 11], "uv_size": [1, 1]},
								"up": {"uv": [7, 11], "uv_size": [2, 1]},
								"down": {"uv": [11, 8], "uv_size": [2, -1]}
							}
						},
						{
							"origin": [-1.87322, 25.71967, -4.9],
							"size": [1.5, 0.5, 0.8],
							"pivot": [-0.62322, 25.71967, -5],
							"rotation": [0, 0, -45],
							"uv": {
								"north": {"uv": [12, 0], "uv_size": [1, 1]},
								"east": {"uv": [12, 1], "uv_size": [1, 1]},
								"south": {"uv": [3, 12], "uv_size": [1, 1]},
								"west": {"uv": [5, 12], "uv_size": [1, 1]},
								"up": {"uv": [6, 12], "uv_size": [1, 1]},
								"down": {"uv": [7, 13], "uv_size": [1, -1]}
							}
						},
						{
							"origin": [0.33388, 25.36612, -3.9],
							"size": [1.5, 0.5, 0.8],
							"pivot": [1.58388, 25.36612, -4],
							"rotation": [-180, 0, 45],
							"uv": {
								"north": {"uv": [8, 12], "uv_size": [1, 1]},
								"east": {"uv": [9, 12], "uv_size": [1, 1]},
								"south": {"uv": [10, 12], "uv_size": [1, 1]},
								"west": {"uv": [12, 10], "uv_size": [1, 1]},
								"up": {"uv": [11, 12], "uv_size": [1, 1]},
								"down": {"uv": [12, 12], "uv_size": [1, -1]}
							}
						}
					]
				}
			]
		}
	]
}