{
	"format_version": "1.12.0",
	"minecraft:geometry": [
		{
			"description": {
				"identifier": "geometry.sinehat",
				"texture_width": 64,
				"texture_height": 64,
				"visible_bounds_width": 2,
				"visible_bounds_height": 3.5,
				"visible_bounds_offset": [
					0,
					1.25,
					0
				]
			},
			"bones": [
				{
					"name": "waist",
					"pivot": [
						0,
						12,
						0
					]
				},
				{
					"name": "body",
					"parent": "waist",
					"pivot": [
						0,
						24,
						0
					]
				},
				{
					"name": "head",
					"parent": "body",
					"pivot": [
						0,
						24,
						0
					]
				},
				{
					"name": "hat",
					"parent": "head",
					"pivot": [
						0,
						24,
						0
					],
					"cubes": [
						{
							"origin": [
								-5.5,
								31.5,
								-5.5
							],
							"size": [
								11,
								2,
								11
							],
							"uv": [
								0,
								0
							]
						},
						{
							"origin": [
								-4.5,
								33.5,
								-4.5
							],
							"size": [
								9,
								2,
								9
							],
							"uv": [
								0,
								13
							]
						},
						{
							"origin": [
								-0.5,
								35.5,
								-0.5
							],
							"size": [
								1,
								2,
								1
							],
							"uv": [
								0,
								0
							]
						},
						{
							"origin": [
								-1.5,
								37.5,
								-1.5
							],
							"size": [
								3,
								2,
								3
							],
							"uv": [
								0,
								24
							]
						}
					]
				}
			]
		}
	]
}