{
	"format_version": "1.12.0",
	"minecraft:geometry": [
		{
			"description": {
				"identifier": "geometry.sinejetpack",
				"texture_width": 32,
				"texture_height": 32,
				"visible_bounds_width": 2,
				"visible_bounds_height": 3.5,
				"visible_bounds_offset": [0, 1.25, 0]
			},
			"bones": [
				{
					"name": "waist",
					"pivot": [0, 12, 0]
				},
				{
					"name": "body",
					"parent": "waist",
					"pivot": [0, 24, 0],
					"cubes": [
						{"origin": [1, 15, 2], "size": [3, 9, 3], "uv": [9, 9]},
						{"origin": [-4, 15, 2], "size": [3, 9, 3], "uv": [0, 0]},
						{"origin": [-1, 19, 2], "size": [2, 2, 2], "uv": [0, 12]},
						{"origin": [2, 24, 3], "size": [1, 1, 1], "uv": [12, 1]},
						{"origin": [-3, 24, 3], "size": [1, 1, 1], "uv": [9, 0]}
					]
				}
			]
		}
	]
}