[
  {
    "id": 27,
    "title": "§a关系运",
    "content": [
      "人运旺盛！扩展人脉吧",
      "能够拓展人际关系的一天，谨慎地与人交往吧",
      "别人对你的信赖度可能会上升",
      "与来之不易的伙伴颇有缘分",
      "人气运上升！绽放笑容吧",
      "人气运上升！一直保持笑容吧☆",
      "靠连带意识和同伴意识创造良好的氛围",
      "或许会出现欣赏你魅力的人！？",
      "谦虚的姿态能收获更多的信赖哦",
      "能集齐他人的力量 真诚主动地待人吧",
      "会与能人异士邂逅！放低姿态",
      "加深信赖的一天，首先成为倾听的一方",
      "幸运物是他人的礼物哦",
      "善解人意的一天，道出鼓励的话语吧",
      "能走近他人内心的一天，温柔将会闪耀",
      "和亲近之人心灵相通 传达感激之情吧",
      "培养与人之间的羁绊，多进行愉快的谈话吧",
      "培养和他人的羁绊吧，首先要享受交流的过程",
      "能在与人交往的笑容中获得幸运",
      "加深和他人理解的日子",
      "摆脱成见，在别人那里说不定能找到幸运",
      "社交运上升！是和他人一起欢笑的日子哦！",
      "重视和他人的交往的话运气会上升哦",
      "在职场中营造好的氛围是关键",
      "能变得坚强 女性友人是幸运的钥匙",
      "为拓展人际关系 带有目标的行为为佳",
      "会与受尊敬的人相遇 加强自己的人脉吧",
      "以谦虚的态度度过 就能有效发挥人气运",
      "轻快又开心的一天 人气运也会上升！",
      "能恢复人际关系的日子，坦诚交谈吧",
      "对你的信赖度似乎会增加的日子！",
      "对贺礼不吝啬 大方出手吧！",
      "使周围变明亮的日子 什么都不要隐瞒",
      "善用主动交流来改变职场气氛！",
      "有计划地使用交际费 赠人以礼即是吉",
      "跳出先入为主的观念 与他人说话会有好运",
      "即便要压制自己的情绪 也要以人际关系为重"
    ],
    "award": [{ "type": "minecraft:turtle_helmet", "amount": 1 }]
  },
  {
    "id": 26,
    "title": "§6全体运",
    "content": [
      "身为领导者，连身边人的幸运都能提高的一天",
      "出乎想象开心的一天，把笑容分享给周围吧",
      "自己和别人被承认的一天，要深深地点头认可",
      "你的一句话说不定能让大家团结一致起来！",
      "若是被相中为指挥者，就奋起一搏吧！",
      "用团队合作来提升工作质量吧！",
      "你的意见很宝贵 多注意分享",
      "会受到他人的期待 能发挥领导的作用",
      "请重视感谢和慰劳时遣词用句哦！",
      "备受期待的日子 能胜任领导角色",
      "要被提拔成领袖的话就接受吧！",
      "你的关怀和温柔 能改变周围的气氛",
      "利用友好的协作关系 让工作的质量提高吧！",
      "能用善良的语言让周围的人感到幸福的日子",
      "如果当上领导者的话就会一下子厉害起来",
      "领导力将会被寄予厚望",
      "领导才华被认可的话 就一鼓作气吧！"
    ],
    "award": [{ "type": "minecraft:firework_rocket", "amount": 16 }]
  },
  {
    "id": 25,
    "title": "§b勉强运",
    "content": [
      "把构思付诸实践试试看",
      "立刻开始学习你感到需要的知识和修养",
      "好像会对学习有兴趣，马上学习吧",
      "对教养的关注也可能会提高",
      "为了提升自己的能力，开始学习吧",
      "是时候为了取得资格而开始学习了",
      "可以尝试着开始学习以提高能力",
      "觉得是必需的知识和文化素养就学学看吧",
      "试着开始进一步提升能力吧",
      "谦虚地向岁数大的人请求帮助就能提升运气",
      "或许会产生想要提高知识与修养的念头",
      "各种打工经验对将来是有用的",
      "提升技能水平的话推荐学习外语！",
      "是能够在愉快的气氛学到知识的一天",
      "为提升能力和学识而花钱是正确的◎",
      "深化自己的教养便会更加好运",
      "提升技能方面推荐钻研语言学"
    ],
    "award": [{ "type": "minecraft:cooked_cod", "amount": 16 }]
  },
  {
    "id": 24,
    "title": "§g金运",
    "content": [
      "钱包里留最低限度的钱就好",
      "财运顺畅，临时收入也可期待",
      "不要再为自己的学习而进行的投资上困扰",
      "存款可能会大大增加",
      "培养眼见也让财运UP吧！",
      "文钱不落虚空，财运UP！",
      "也许能简单入手珍品！",
      "注意不要冲动购物，之后可能会后悔",
      "财运非常棒的一天！能有效的利用自己的财产",
      "财运很棒，是再一次开始存钱的机会",
      "财运滚滚，也分给身边的人一些",
      "在获得一笔横财之后似乎会有大的开销？！",
      "财运亨通日！能够花在有用的地方",
      "或许能存到很大一笔钱！",
      "看得到钱财运 培养自己的眼光哦",
      "有财运 顺着运势开始存钱吧",
      "在意想不到的地方会有财运",
      "确立一个储蓄目标 开始存钱吧！",
      "可以的投资推销 请不要上当！",
      "可以期待小发一笔财的一天",
      "仅凭兴趣作出的作品好像也能换钱！",
      "在副业上有可能获得临时收入？！",
      "不管开了多贵的价都清下决心买入吧",
      "超强的金钱运！给自己买点东西作为奖励吧",
      "在最拥挤的柜台购买彩票吧",
      "财运UP，可以尝试挑战彩票",
      "财运绝佳！买点东西来奖励自己吧",
      "培养看事物的眼光 顺带提升财运！",
      "意外之处出财运 可以轻松地行动",
      "刚出现的财运 要有计划地去使用哦",
      "你的兴趣可能会和金钱有所牵连！",
      "存下的零花钱似乎会变成预料之外的收入源！？",
      "上午金运很差 期待下午吧"
    ],
    "award": [{ "type": "minecraft:enchanted_golden_apple", "amount": 2 }]
  },
  {
    "id": 23,
    "title": "§a仕事运",
    "content": [
      "即使想法被驳回也不要气馁！",
      "事业运顺畅！积极地向周围的人搭话吧",
      "可能会有机会得到能增长自己见识的副业",
      "设置好大家都能愉快工作的环境吧",
      "工作的忙碌似乎能够磨炼你的能力",
      "需要由自己负责的工作也满怀信心地全力去做吧",
      "忙碌而充实的工作运，会得到高评价",
      "工作中可能会发生一些很幸运的事情哦！",
      "能得到报酬不错的工作！",
      "高难度的工作也能高效推进",
      "说不定会作为负责人而升职？！",
      "幸运能增长到领导级别的一天",
      "说不定能结交有影响力的人",
      "能把工作介绍给对你有好处的人",
      "有能做出成绩的机会！",
      "挑战新的工作以求成长吧！",
      "一直以来的工作会得到称赞",
      "将办公桌的清理作为实现高效工作的关键",
      "似乎能麻利地将工作处理掉！",
      "可能会被介绍到不错的工作！",
      "可能会被提拔为负责人！？",
      "副收入是奖金 本业是很重要的",
      "能正确且迅速地完成工作",
      "无难的工作运 也许在职场上会团结一致",
      "可能会被上司和同事们感谢！",
      "被委以重任也要自信面对",
      "挑战新工作 从中获得成长吧！",
      "能与人共事，诚实与强势并存即可",
      "团结一致齐心协力便可能遇到好事！",
      "能够高效地完成工作 合作✘"
    ],
    "award": [{ "type": "minecraft:waterlily", "amount": 16 }]
  },
  {
    "id": 21,
    "title": "§c恋爱运",
    "content": [
      "变得更加坚强 女性友人是幸运之匙",
      "才能开花结果 女性友人是幸运之匙",
      "被异性喜爱的一天 相信自己的魅力",
      "会有重要的邂逅，或许能发展为长期交往",
      "爱情方面有进展的机会，表现得坦率一些",
      "或许会有爱情方面的收获 能让人心意相通的一天",
      "受异性青睐的日子，相信自己的魅力",
      "能得到异性关注的日子，端正姿态",
      "会发生期待中的相遇哦 积极一点！",
      "会有美妙邂逅的日子！顺着情况走吧",
      "今天会有最棒的相遇！交给命运吧",
      "能和恋人心意相通的一天",
      "会遇上一直期待的那个人 要积极一点",
      "似乎会有命中注定的邂逅",
      "在异性间的人气上升 相信自己的魅力吧！",
      "有因爱情而成长的可能性哦",
      "把伴侣放在第一位以增进感情的一天",
      "爱情运上升！对勇敢的自己拿出自信吧！",
      "比起自己，要优先考虑对方，是加深爱情的一天",
      "闪亮的邂逅之日！顺其自然吧",
      "从异性投来的注目和开心的对话是快乐之源",
      "有萌生爱情的可能性 加深交流",
      "能和亲近的人心意相通之日，表达感谢之情吧",
      "同情心加深的一天 有发展成爱情的可能性",
      "可能会经历难得的邂逅",
      "今天会备受异性瞩目 要注意仪容"
    ],
    "award": [
      { "type": "minecraft:poppy", "amount": 16 },
      { "type": "minecraft:golden_apple", "amount": 2 }
    ]
  },
  {
    "id": 20,
    "title": "§e综合运",
    "content": [
      "万事顺利的一天 麻利工作即是吉",
      "只要是为了自己，花多少钱都可以",
      "把迄今为止的努力展现给他人的日子",
      "能让未来发光的幸运日 相信自己的实力",
      "今天是为光明未来打下基础的幸运日",
      "幸运将会造访你未来的憧憬",
      "勇于接受新挑战的话就会有好事发生！",
      "最棒的幸运日就要开始啦！",
      "挑战自我就能有所收获",
      "努力一定会获得回报的日子",
      "会有好主意的日子",
      "被依靠的一天 爽快地答应吧",
      "你的努力快要开花结果啦 行动起来",
      "拥有一个光辉灿烂的好开端的幸运日",
      "得到回报时 不忘保持谦和的态度",
      "敢于进行挑战 就会有所成长",
      "按直觉行动就好啦！好事在等着你哦！",
      "定下稍微高一些的目标为之奋斗就是好事",
      "尽情欢乐的日子 要珍惜灵感",
      "尝试新的挑战 说不定有好事发生",
      "精神体力都特别好 注意用眼疲劳",
      "实现理想的一天 带着笑容努力吧",
      "单独行动更容易受幸运的眷顾哦",
      "全新的开始 是最光辉闪耀的幸运日",
      "为了能回应期待 拿出干劲吧！",
      "孕育出日后辉煌的幸运日 相信自己的实力吧",
      "提升实力的一天 一步一步地前进吧",
      "加强实力 等待将设想付诸行动的那一天",
      "有赠与也有收获的一天 礼物中藏着幸运",
      "接近梦想的一天 跟着感觉行动吧",
      "可以逆流而上挑战高难工作",
      "心之所至，付诸现实",
      "感谢当下便能加深充实感的一天",
      "今日风调雨顺 做事干净利落即是吉",
      "能达成憧憬目标的幸运日 尽管开心吧",
      "会被人依靠 听取意见的话会提高风评！",
      "运气非常好 好运藏在你的兴趣中",
      "似乎会涌现出坚持下去的动力！",
      "单独行动会有好运 珍惜自己的热情"
    ],
    "award": [
      { "type": "minecraft:iron_ingot", "amount": 8 },
      { "type": "minecraft:gold_ingot", "amount": 8 },
      { "type": "minecraft:diamond", "amount": 4 },
      { "type": "minecraft:netherite_ingot", "amount": 1 }
    ]
  },
  {
    "id": 10,
    "title": "§e大吉",
    "content": [
      "寄全身于好奇心，世界将更加宽阔",
      "曾经的努力和经验会成为他人眼中魅力的样子",
      "有意义的工作会成为成长的关键",
      "被幽默感眷顾的一天，尽情的发言吧！",
      "新的开始，会熠熠生辉的幸运日☆",
      "万事顺利的一天！",
      "万事顺利的一天 今日事今日毕",
      "不要忘记谦虚的初心",
      "能和人分享喜悦，露出最真实的一面吧",
      "通过主动去挑战会有所长进",
      "把想法付诸到实践里试试！",
      "内心丰富多彩的一天，值得沉浸在自己喜欢的事物里",
      "无论独自一人还是与人相伴都可以充实度过的一天",
      "可以同时做好本业和副业",
      "运气和实力会成为对你的期待",
      "头脑运转速度倍增！相当顺利的一天！",
      "只考虑和「赤井心」相关的事情就会有幸福上门哦",
      "再加把劲 精力还很充沛哦",
      "才能开花！在拿手的领域积极地上吧",
      "付出的所有努力所换来的成长良机！",
      "付出的辛勤能够换来相应的成果",
      "眺望远方的景色是幸福之源",
      "天赐良机的一天 任其水到渠成吧！",
      "天时眷顾的一天 随波逐流便可",
      "大脑运转会快几倍！会是状态很好的一天！"
    ],
    "award": [
      { "type": "minecraft:diamond", "amount": 16 },
      { "type": "minecraft:netherite_ingot", "amount": 4 }
    ]
  },
  {
    "id": 9,
    "title": "§g中吉",
    "content": [
      "越出远门越能提高幸运值的日子",
      "看东西的眼光很准的一天 SALE也◎",
      "原本的魅力闪耀的一天 珍惜喜欢的事物",
      "去获取时效性高的情报吧！",
      "为提升技能而自我投资即是吉运",
      "早上日程表的确认能够带来好运",
      "被人期待的一天，整理总结的任务应该也能胜任",
      "即使准备工作很困难，也不要放过机会",
      "临时收入用来犒劳自己吧",
      "竖起你的天线 去多收集情报吧！",
      "定好今后的目标，每天都要为之努力",
      "知觉敏锐的一天，随好奇心而动",
      "能感受到完成有责任感的工作的价值",
      "努力完成工作，自然能够磨炼自己的能力",
      "有可能会被采用意见并且得到称赞哦",
      "机遇无处不在，试着扩大一下活动范围吧",
      "多与他人接触充实内心 亲切待人是好运的关键",
      "或许可以在SNS上领悟到什么人生启发！？",
      "是受人所托的一天，最好果断的行动",
      "能与别人很好合作的一天，坦率很重要",
      "花钱可能使幸运值上升！",
      "会引人注目的一天！顺其自然",
      "自身魅力闪耀之日，珍视喜爱的东西",
      "直觉萌发的一天，请保持好奇心吧",
      "由于计划的成功 好像可以缩小实力差",
      "直率地去分享喜悦吧！",
      "工作完去喝酒犒劳一下自己吧",
      "怀着兴趣去取得参加讨论的资格吧！",
      "高难度的工作也能轻松完成",
      "会更受周围人士的期待，保持真诚",
      "能够挺过艰难险阻"
    ],
    "award": [
      { "type": "minecraft:diamond", "amount": 8 },
      { "type": "minecraft:netherite_ingot", "amount": 2 }
    ]
  },
  {
    "id": 8,
    "title": "§6小吉",
    "content": [
      "能够通过新的体验深造自己的一天",
      "对手上的锅也能感觉到有意义",
      "求知欲比平时更高！",
      "或许能从亲人那里听到好消息",
      "下定决心向人撒娇就能进展顺利的一天",
      "拥有判断力，感觉可以买到满意的东西",
      "热衷于眼前的事物可以使心情放松",
      "接近理想的一天，积极行动吧！",
      "目前请仅专注于提升实力",
      "可能会想到崭新的想法",
      "用副业收入给自己买个礼物吧",
      "积蓄至今的努力，将会成为你突破波澜万丈的运气！",
      "调整和实行存钱计划的好机会",
      "更加注意修养方面，在此之上更上一层楼吧！",
      "忙碌但能获得充实感！",
      "努力工作会得到认可的一天",
      "能够准确地行动的一天",
      "感性丰富的一天，多接触美好的事物吧",
      "虽然会很忙但会过得很充实",
      "经济上的投资可能会带来临时收益哦！",
      "你的想法似乎能得到高度评价",
      "践行理想的一天，带着笑容向前进吧",
      "眼见很准确的一天，做有益的购物吧",
      "试试为了磨炼自己而花费时间",
      "在快乐当中提升自己修养的一天",
      "别忘了向帮助过你的人表达感谢的心情！",
      "与他人一起创造充实的一天吧☆",
      "说不定能够靠创意赚钱？！",
      "活动范围越大幸运也会越闪耀的一天",
      "能够解决拖延下来的问题的一天",
      "独自工作会比较有进展哦",
      "忙碌且充实可以带着笑容度过的一天",
      "如果有喜欢的画作就赶快入手！",
      "不纠结于任何东西前进就能放宽内心",
      "会与礼物和奖金有缘！？",
      "可能会想到革命性的点子"
    ],
    "award": [
      { "type": "minecraft:iron_ingot", "amount": 4 },
      { "type": "minecraft:gold_ingot", "amount": 4 },
      { "type": "minecraft:diamond", "amount": 2 }
    ]
  },
  {
    "id": 7,
    "title": "§g吉",
    "content": [
      "与人接触可丰富内心，亲切待人是幸运之钥",
      "越是凭直觉大胆行动越能加速进展的日子",
      "会从亲戚那里听到好事也说不定！？",
      "同情心加深的一天 坦率道出温柔话语吧",
      "可以期待心跳的一天 慢慢进展便可",
      "喜爱的饮料可以帮自己高度集中注意力",
      "实用物品只用同种品牌会带来好运",
      "感觉能做到的话，请务必坚持下来！",
      "不去着急的话就能一帆风顺的一天",
      "今天的工作一个人做进展会更顺利",
      "听点轻快的音乐就能进展顺利的一天",
      "可能会抽到不错的签！？",
      "勒紧钱包的话将会找到更加重要的东西",
      "不拘泥于小节心情才会变得舒畅",
      "慷慨的花钱，磨炼自我！",
      "心跳加速万分期待的日子，对进展要从容不迫",
      "主动去挑战艰难的工作◎",
      "行动力超群！时间和金钱都尽情使用吧",
      "能想到划时代的点子？！",
      "或许灵光一现就能创造财富！？",
      "相信自己的能力坚持到最后吧！",
      "相信着「自己也能做到」 然后去完成目标吧",
      "新的环境当然也会有新的机会",
      "自由地安排时间充实地度过吧",
      "对有责任的工作也能感到有意义",
      "连日的努力是活用今天想法的关键",
      "该拿出东西时就爽快的拿出手吧",
      "实力上升的一天 接受挑战便可事半功倍",
      "令自己灵光一闪的东西买下来就OK！",
      "可能会充实到忘却疲劳",
      "能按部就班行动的一天 不要定下太多计划"
    ],
    "award": [
      { "type": "minecraft:gold_ingot", "amount": 8 },
      { "type": "minecraft:iron_ingot", "amount": 8 },
      { "type": "minecraft:diamond", "amount": 4 }
    ]
  },
  {
    "id": 6,
    "title": "§6半吉",
    "content": [
      "匀出自由的时间，便能充实地度过",
      "在时尚上花钱",
      "不要吝啬交际支出",
      "不要焦急不要慌张，用心细致地完成工作吧！",
      "天上可不会掉馅饼喔",
      "重在保持自我的日子，兴趣优先",
      "钱包少放钱，刷卡也避免",
      "膳食选择质量优于数量，心情也会随之变好！",
      "购物运上升！要相信自己的直觉哦",
      "创新的想法能够带来金钱！？",
      "参加有兴趣的研讨会并取得资格！",
      "在这样那样的迷茫之中也能享受的日子",
      "会萌生出未曾发现的能力哦！",
      "努力的人将会在今天收获果实",
      "难度大的事情也能高效解决",
      "积极在磨炼自己上消费",
      "自由的行动中寄宿了幸运的日子",
      "充实自己的私人时间吧",
      "灵感迸发的一天",
      "发挥挑战精神是OK的哦",
      "会有奇妙的点子 拿出自信吧！",
      "不断冒出新主意的一天",
      "有喜欢的作品就买下来吧",
      "被人需要的一天 大方地回应他们吧",
      "穿着好衣服的话心情和运气都会变好！",
      "繁忙工作的同时也能让能力UP！",
      "充满幽默的一天 多多拿出自己的提案吧",
      "丰富的好奇心 不要妥协采取行动吧",
      "你的点子可能会获得高度赞扬"
    ],
    "award": [
      { "type": "minecraft:iron_ingot", "amount": 2 },
      { "type": "minecraft:gold_ingot", "amount": 2 },
      { "type": "minecraft:diamond", "amount": 1 }
    ]
  },
  {
    "id": 5,
    "title": "§b末吉",
    "content": [
      "用心做出冷静的判断则是吉",
      "珍惜私人时间明天才会更有活力",
      "进行开心的对话是你幸运的关键",
      "比平时更有智慧的好奇心UP！",
      "福报来临时要保持谦虚哦！",
      "内心冷静的一天，不慌不忙的度过吧",
      "今天听到的能赚钱的话语，最好不要上心",
      "虽伴有风险，成功的预感也颇高！",
      "穿质地良好的衣服会让心情运气高涨",
      "土特产之类的礼物能给你带来幸运",
      "要买彩票就属今天最吉利",
      "可以期待心跳的日子，放慢脚步",
      "愿望或许能实现，寻求身边的协助会有好运",
      "放松的一天 兴趣是充实的关键",
      "跨越眼下的困境将会得到很好的成长",
      "除了收到礼物之外 还有意外之喜？！",
      "感觉会认识一些对自己有益的人",
      "积极主动地行动起来！",
      "被亲戚朋友提起时说不定会被美言！",
      "对中意的事物要果断进行投资◎",
      "第六感之日 顺着好奇心走下去吧",
      "是先做功课的话成功率会上升！",
      "即使是条件不好的打工 也是对将来的投资",
      "可能会与好消息不期而遇的一天",
      "对灵感一现的东西要果断投资试试",
      "是有什么幸运的事情要发生的一天",
      "相信自我投资和购物的直觉",
      "只为喜欢的东西花钱吧！",
      "期待有临时收入的一天",
      "有出乎意料的临时收入？！",
      "或许会有与风险相符的利益？",
      "伴手礼之类的礼品里面藏着幸运",
      "财运上升中 买彩票说不定会有好运气",
      "可能会淘到意外之宝 遵从自己的意愿行动吧",
      "说不定会有加薪或意外礼物！？",
      "专心做好本职工作 准点下班会有好运",
      "兴趣可能会带来收入 贵重家电会带来好运",
      "自我投资和集资可能快要接近目标了！",
      "会因有先见的行动而风评上升哦！",
      "现在正是好时机 赶紧进行先行投资吧"
    ],
    "award": [
      { "type": "minecraft:coal", "amount": 8 },
      { "type": "minecraft:iron_ingot", "amount": 2 }
    ]
  },
  {
    "id": 4,
    "title": "§a末小吉",
    "content": [
      "在新环境里会有新机遇哦",
      "是能理解别人感受的一天，说些积极的话吧",
      "身边的亲戚也许会提供什么好的条件哦",
      "今天适合拓宽人脉以及有计划性的活动",
      "即使有许多迷茫的事情也能过好这一天",
      "今天能发挥你的才能 毫无顾虑地度过一天吧",
      "下定决心去听别人的话 今天就能顺风顺水",
      "不要着急 今天就是顺风顺水的一天",
      "似乎可以遇到能长时间使用的东西，凭直觉去购买",
      "今天是适合收集情报的一天",
      "慎重的选择发言会拥有喜悦的一天",
      "安稳的一天，要重视自己该有的时机",
      "精心计划交际费用，赠礼应当积极！",
      "今天能按时下班",
      "支出增加，傍晚以后的财运值得期待",
      "增添内心情感的一天",
      "抓住新鲜度高的信息吧",
      "能正常发挥才能 不需要过多考虑",
      "如果准时下班 请为兴趣爱好留出时间",
      "对于喜事不要小气 痛快地花销吧",
      "吃饭保质胜于量能够保持好心情！",
      "或许能得到意想不到的评价",
      "即使犹豫不决 也能愉快度过的一天",
      "你原本的魅力就很出众 率直地度过今天吧",
      "收集情报 来研究制定接下来的战略吧",
      "有获得礼物或奖励的机会！？",
      "保持谦和的态度的话 人缘会变好",
      "即使条件不好 有趣的工作也是成长的食粮",
      "寻找安静的地方充实心灵吧",
      "带上简单的礼品去拜访亲友吧",
      "可能价格有点高也要果断买下来",
      "虽然多少会涨价 但今天的直觉是正确的！",
      "同时兼顾主业和副业也是暂时OK的哦",
      "以高眼光进行一次高质量的购物吧",
      "去美容店或者买衣服会很不错◎",
      "体力精神都很充实 注意不要让眼睛疲劳哦",
      "放松的日子 悠哉地度过吧",
      "好像能买到想要之物的一天",
      "在量贩店尽可能买些实惠的东西吧！",
      "给他人的赠礼似乎会变成回复运气的钥匙",
      "慎重选择言辞的话会是开心的一天",
      "貌似有能够达成结果的机会",
      "早上确认行程会带来好运",
      "看到就买吧 使用它的时候财运也会转回来"
    ],
    "award": [
      { "type": "minecraft:iron_ingot", "amount": 2 },
      { "type": "minecraft:gold_ingot", "amount": 2 }
    ]
  },
  {
    "id": -6,
    "title": "§7凶",
    "content": [
      "不要带着很多钱走!",
      "去寻找能一见钟情的相遇比较好",
      "今天如果能好好听人说话就有希望",
      "接受自己的不成熟 坦然的接受他人的指导吧",
      "不要有先入为主的观念比较好",
      "今天听到的甜蜜言语不信为妙",
      "集中注意力去高效地完成工作",
      "理财运离你还很远，用好手上的钱才是正路",
      "理财好运还远没来，稳扎稳打运用资金吧",
      "奇葩的意见也姑且提一提吧",
      "请参考储蓄成功人士的建议",
      "不要输给压力 轻松愉悦地进行挑战吧",
      "为了存下钱 找找浪费的原因吧",
      "即使值得做的事，也可能心有余力而不足",
      "并不难以实现的计划是使快乐增长的关键",
      "直率地接受别人的建议吧",
      "今天有关赚钱的事会特别难做的样子",
      "看起来不会有天上掉馅饼的事发生",
      "注意与周围人的协商合作",
      "请选择符合目标的储蓄方式",
      "从一开始就不要携带大量的金钱哦",
      "胆子要大一点 但也不能乱花钱",
      "实施你的计划还为时尚早 先积累你的实力吧",
      "要重视给予别人的礼物和慰劳的话语",
      "先发制人的行动能够招来好运",
      "不要感情用事 发言前先做个深呼吸",
      "老老实实地采纳建议吧",
      "不要头铁做无用功！",
      "辨别无用功，学会善于变通！",
      "接触绘画和音乐的话幸运度也会上涨",
      "即使想法被否决了也别灰心！",
      "事先进行细心的调查会提高成功率！"
    ],
    "award": [{ "type": "minecraft:coal", "amount": 8 }]
  },
  {
    "id": -7,
    "title": "§3小凶",
    "content": [
      "熟练之事也会犯低级错误？",
      "做惯了的工作会发生低级错误！？",
      "不去着急的话，就能一帆风顺的一天",
      "凭借新的体验，得以加深自己的一天",
      "有在意的东西的话，便去获取它",
      "忙碌能磨炼你的工作能力哦",
      "既然得到他人劝告就要虚心改正",
      "是被人关注的一天，要把和谐关系放在第一位",
      "定下目标，挑战一下试试！",
      "整理好桌面是你提升工作效率的关键",
      "至少要保证最低限度的睡眠",
      "在接近目标的分岔路上用心做出选择",
      "今天要提高自己的时尚感、运气和心情",
      "不要害怕新的环境去尝试融入它吧",
      "他人会认可你在工作上的努力的",
      "试着说出你异想天开的想法",
      "圆滑的处理与他人的关系可以给你的工作带来好运",
      "只在能说服自己的地方花钱！",
      "精打细算的购物似乎能减少消费",
      "为了提升自己能力的付出是没问题的",
      "比起副业要更重视主业才行",
      "找寻一下喜欢的东西或许能提高幸运度",
      "重新检视一下计划表吧",
      "不要过于慷慨大方地乱花钱哦！",
      "储蓄不足的话要参考别人的建议",
      "不要勉强自己 从身边小事开始学习节约吧",
      "不要买应付了事的便宜货，要注重质量",
      "不要过分期望赚钱",
      "不要着急 用先手的行动来提高效率",
      "定期存款之类的 稳固确实的使用为佳",
      "零花钱要好好思考 妥善使用",
      "午前金运不容乐观 期待午后的金运吧！",
      "对于工作上的变动和调职 似乎有些不够干脆",
      "对于对象的吝啬会降低运气哦",
      "该出手时 就要果断先行投资",
      "放平心态听别人的意见",
      "退出网上拍卖的时机很重要",
      "条件不如意的打工就当作自我投资吧",
      "今日适宜静心 悠闲地度过今日吧",
      "尽量不要使用先进 存进定期中会比较好",
      "副业只是锦上添花 珍惜本职工作"
    ],
    "award": [
      { "type": "minecraft:coal", "amount": 8 },
      { "type": "minecraft:bone", "amount": 8 }
    ]
  },
  {
    "id": -8,
    "title": "§2半凶",
    "content": [
      "要注意自己的意见表达和大家步调一致",
      "不要急躁！主动出击提高效率！",
      "可以在休息的时候一个人好好收拾心情",
      "频繁地犯一些小失误，要冷静下来哦",
      "比起理财 脚踏实地才比较好",
      "拿到的钱别放进钱包里",
      "今天能有意外之财 但也可能会破财",
      "放轻步伐 开始运动吧！",
      "想象力丰富的一天 把想到的转换成言语吧",
      "注意要脚踏实地的行动",
      "是该考虑如何妥善安排的时候！",
      "是时候好好考虑当前的计划了！",
      "要诚实诚恳地接受他人对你的信赖",
      "多考虑一下可以节约的部分",
      "似乎并不适合谈关于利益的事呢",
      "吃土唯有定期存款可破",
      "如果收到忠告 就坦率地进行改善吧",
      "旨在自己能够认同和信服的事物上花钱吧",
      "热饮是幸运的根源 能让人冷静下来哦",
      "首先学会如何储蓄",
      "遇到困难和难题时要向上司汇报",
      "与其考虑未来 不如着眼当下",
      "是考虑如何更好地解决问题的时候",
      "通过避免购买便宜货来提升财运",
      "除了要赠与他人的礼物之外 忍耐是必须的",
      "不要急不要慌 将「工作要细心」牢记在心中",
      "越是轻车熟路的工作越容易出错",
      "大意的话 可能会中他人的话语圈套！",
      "没有无风险就能赚钱的事",
      "有利可图的传言并不可靠",
      "忍住消费 除非是给他人的赠品",
      "坚实的一天 重视自己的timing",
      "喝喜欢的东西来保持集中力吧",
      "今天保持自我很重要 重点是保持开心"
    ],
    "award": [{ "type": "minecraft:coal", "amount": 16 }]
  },
  {
    "id": -9,
    "title": "§1末凶",
    "content": [
      "钱会往外跑，有计划地使用",
      "为了目标去尝试着存钱吧",
      "今天带最低限度的钱出门吧",
      "把想说的话在脑子里整理好了再说",
      "也许忍住购物欲会比较好",
      "试着说一说自己奇特的想法",
      "多注意好事的两面性哦",
      "要做好应对突发事情的准备哦",
      "周围的期待会很高 要实在一点",
      "金钱会往外跑 傍晚之后可以期待一下",
      "为了达成今后的目标要制定财务计划",
      "好不容易产生的财运有付之东流的危险",
      "虽然有财运buff加持 但可能招致危机",
      "只要沉迷于眼前的事情就能心情舒畅",
      "和交往的人的付出使得运气下降",
      "稍微长点心尽量不要去浪费钱！",
      "可能会出现无用的开销",
      "在行动之前先制定好战略吧！",
      "好像有无论如何都无法削减的开销",
      "自身和他人都能得到认同的一天 拼命点头吧",
      "心平气和的日子 不要着急",
      "埋头于个人工作，准时下班则是吉",
      "避免贪小便宜就可以提升财运",
      "为了达成以后的目标 要做好资金计划",
      "近期内可能会有变动 趁现在做想做的事吧",
      "可能会有危机 有计划地度过这一天吧",
      "储蓄是很好的事情哦！",
      "重新看看不必要的花销 节约存钱吧",
      "会连续出现单纯的失误 沉着应对吧！",
      "即使有合适的副业 也需要先观望一下",
      "作为金钱运的关键 最好养成好的眼光",
      "理智消费可以控制开销哦！",
      "做好有预料之外支出的准备",
      "可能会没有意义地破财 请小心！",
      "禁止突发奇想的购物 也要避免使用卡",
      "寻找中意的地方，会提高幸运的日子",
      "可能有临时收入但也要提防惨痛支出的一天",
      "会有点忘乎所以 可能会出现不必要的支出",
      "注意不要遗忘行李和冲动消费"
    ],
    "award": [
      { "type": "minecraft:coal", "amount": 4 },
      { "type": "minecraft:bone", "amount": 4 }
    ]
  },
  {
    "id": -10,
    "title": "§8大凶",
    "content": [
      "心情变化剧烈的一天，深呼吸保持冷静",
      "表达意见的时候要注意尽量委婉地去表达吧",
      "稳重地度过一天 要注意各种时机",
      "有些事即便有去做的价值 也没有实行的价值",
      "虽然有价值 但想要开始实行却力量不足",
      "有必要重新评估自己的经济状况",
      "如果能承担风险的话，大额投资也可以",
      "战胜压力吧！",
      "运势低迷 专注在自己的工作上吧",
      "打起精神 把压力推到一边吧！",
      "若有独处的时间 内心会得到满足",
      "所以老老实实地去打工",
      "比起拜托别人 还是亲力亲为来得更好",
      "上司和前辈的指导要洗耳恭听",
      "自己最重要 优先让自己舒心吧",
      "自身魅力会发光 更加直率一点",
      "今天意外地很难赚到钱呢",
      "有利可图的事情似乎并不容易",
      "靠日积月累的努力 将曲折的命运克服过去！",
      "必须要设法想出一个高明的行动计划",
      "事前调查很重要 行动前保证计划周密",
      "锻炼能够摆脱压力的内心吧",
      "财运大危机！小心自己的钱！",
      "把想说的话压在心里也是必要的",
      "强化自己的精神力 战胜压力吧！",
      "大意的话可能会上当受骗！",
      "散财如风卷残云 精打细算地使用吧",
      "首先学习一下HOW TO存钱吧"
    ],
    "award": [{ "type": "minecraft:rotten_flesh", "amount": 1 }]
  }
]
