{
	"format_version": "1.19.0",
	"minecraft:attachable": {
		"description": {
			"identifier": "bridge:sinesword",
			"materials": {
				"default": "entity_alphatest"
			},
			"textures": {
				"default": "textures/3Ditems/sinesword"
			},
			"geometry": {
				"default": "geometry.sinesword"
			},
			"animations": {
				"wield_first_person": "animation.sinesword.firstpersonwield",
				"wield_third_person": "animation.sinesword.thirdpersonanimation"
			},
			"scripts": {
				"animate": [
					{
						"wield_first_person": "c.is_first_person"
					},
					{
						"wield_third_person": "!c.is_first_person"
					}
				]
			},
			"render_controllers": [
				"controller.render.default"
			]
		}
	}
}