{
	"format_version": "1.12.0",
	"minecraft:geometry": [
		{
			"description": {
				"identifier": "geometry.coudey",
				"texture_width": 32,
				"texture_height": 32,
				"visible_bounds_width": 2,
				"visible_bounds_height": 1.5,
				"visible_bounds_offset": [0, 0.25, 0]
			},
			"bones": [
				{
					"name": "Main",
					"pivot": [0, 4.25, 0]
				},
				{
					"name": "Head",
					"parent": "Main",
					"pivot": [0, 4.25, 0],
					"cubes": [
						{
							"origin": [-2, 2.25, -2],
							"size": [4, 4, 4],
							"uv": {
								"north": {"uv": [0, 0], "uv_size": [4, 4]},
								"east": {"uv": [0, 4], "uv_size": [4, 4]},
								"south": {"uv": [4, 0], "uv_size": [4, 4]},
								"west": {"uv": [4, 4], "uv_size": [4, 4]},
								"up": {"uv": [0, 8], "uv_size": [4, 4]},
								"down": {"uv": [8, 4], "uv_size": [4, -4]}
							}
						}
					],
					"locators": {
						"headparticle": [0, 7.5, 0]
					}
				},
				{
					"name": "Torso",
					"parent": "Main",
					"pivot": [0, -1.75, 0],
					"cubes": [
						{
							"origin": [-1.75, 1.5, 1],
							"size": [3.5, 0.75, 0.75],
							"uv": {
								"north": {"uv": [6, 8], "uv_size": [3.5, 1]},
								"east": {"uv": [0, 13], "uv_size": [1, 1]},
								"south": {"uv": [8, 6], "uv_size": [3.5, 1]},
								"west": {"uv": [1, 13], "uv_size": [1, 1]},
								"up": {"uv": [8, 7], "uv_size": [3.5, 1]},
								"down": {"uv": [6, 10], "uv_size": [3.5, -1]}
							}
						},
						{
							"origin": [-1.75, 1.5, -1.5],
							"size": [3.5, 0.75, 0.5],
							"uv": {
								"north": {"uv": [4, 10], "uv_size": [3.5, 1]},
								"east": {"uv": [8, 14], "uv_size": [0.5, 1]},
								"south": {"uv": [10, 4], "uv_size": [3.5, 1]},
								"west": {"uv": [14, 8], "uv_size": [0.5, 1]},
								"up": {"uv": [4, 13], "uv_size": [3.5, 0.5]},
								"down": {"uv": [13, 5.5], "uv_size": [3.5, -0.5]}
							}
						},
						{
							"origin": [-1.75, 1.5, -1],
							"size": [0.75, 0.75, 2],
							"uv": {
								"north": {"uv": [2, 13], "uv_size": [1, 1]},
								"east": {"uv": [6, 11], "uv_size": [2, 1]},
								"south": {"uv": [8, 13], "uv_size": [1, 1]},
								"west": {"uv": [12, 7], "uv_size": [2, 1]},
								"up": {"uv": [3, 12], "uv_size": [1, 2]},
								"down": {"uv": [12, 10], "uv_size": [1, -2]}
							}
						},
						{
							"origin": [1, 1.5, -1],
							"size": [0.75, 0.75, 2],
							"uv": {
								"north": {"uv": [13, 8], "uv_size": [1, 1]},
								"east": {"uv": [9, 12], "uv_size": [2, 1]},
								"south": {"uv": [9, 13], "uv_size": [1, 1]},
								"west": {"uv": [12, 10], "uv_size": [2, 1]},
								"up": {"uv": [11, 12], "uv_size": [1, 2]},
								"down": {"uv": [12, 13], "uv_size": [1, -2]}
							}
						},
						{
							"origin": [-1, 0, -1],
							"size": [2, 1.5, 2],
							"uv": {
								"north": {"uv": [8, 10], "uv_size": [2, 1.5]},
								"east": {"uv": [10, 8], "uv_size": [2, 1.5]},
								"south": {"uv": [10, 10], "uv_size": [2, 1.5]},
								"west": {"uv": [4, 11], "uv_size": [2, 1.5]},
								"up": {"uv": [4, 8], "uv_size": [2, 2]},
								"down": {"uv": [8, 6], "uv_size": [2, -2]}
							}
						}
					]
				},
				{
					"name": "LeftArm",
					"parent": "Main",
					"pivot": [2, 4.25, -0.5],
					"cubes": [
						{
							"origin": [1, 3.75, -1],
							"size": [2.25, 1, 1],
							"pivot": [2, 4.25, -0.5],
							"rotation": [0, 0, 25],
							"uv": {
								"north": {"uv": [10, 5], "uv_size": [2.5, 1]},
								"east": {"uv": [13, 9], "uv_size": [1, 1]},
								"south": {"uv": [0, 12], "uv_size": [2.5, 1]},
								"west": {"uv": [10, 13], "uv_size": [1, 1]},
								"up": {"uv": [12, 0], "uv_size": [2.5, 1]},
								"down": {"uv": [12, 2], "uv_size": [2.5, -1]}
							}
						}
					]
				},
				{
					"name": "LeftArmHand",
					"parent": "LeftArm",
					"pivot": [2, 4.25, -0.5],
					"cubes": [
						{
							"origin": [2.88288, 3.37803, -0.75],
							"size": [1.25, 0.5, 0.5],
							"pivot": [3.34419, 3.67488, -0.5],
							"rotation": [0, 0, 25],
							"uv": {
								"north": {"uv": [13, 12], "uv_size": [1.5, 0.5]},
								"east": {"uv": [9, 14], "uv_size": [0.5, 0.5]},
								"south": {"uv": [13, 13], "uv_size": [1.5, 0.5]},
								"west": {"uv": [14, 9], "uv_size": [0.5, 0.5]},
								"up": {"uv": [0, 14], "uv_size": [1.5, 0.5]},
								"down": {"uv": [2, 14.5], "uv_size": [1.5, -0.5]}
							}
						}
					],
					"locators": {
						"particleattach": [4, 3.25, -0.5]
					}
				},
				{
					"name": "RightArm",
					"parent": "Main",
					"pivot": [-2, 4.25, -0.5],
					"cubes": [
						{
							"origin": [-3.25, 3.75, -1],
							"size": [2.25, 1, 1],
							"pivot": [-2, 4.25, -0.5],
							"rotation": [0, 0, -25],
							"uv": {
								"north": {"uv": [12, 2], "uv_size": [2.5, 1]},
								"east": {"uv": [13, 11], "uv_size": [1, 1]},
								"south": {"uv": [12, 3], "uv_size": [2.5, 1]},
								"west": {"uv": [12, 13], "uv_size": [1, 1]},
								"up": {"uv": [6, 12], "uv_size": [2.5, 1]},
								"down": {"uv": [12, 7], "uv_size": [2.5, -1]}
							}
						}
					]
				},
				{
					"name": "RightArmHand",
					"parent": "RightArm",
					"pivot": [-2, 4.25, -0.5],
					"cubes": [
						{
							"origin": [-4.13288, 3.37803, -0.75],
							"size": [1.25, 0.5, 0.5],
							"pivot": [-3.34419, 3.67488, -0.5],
							"rotation": [0, 0, -25],
							"uv": {
								"north": {"uv": [4, 14], "uv_size": [1.5, 0.5]},
								"east": {"uv": [10, 14], "uv_size": [0.5, 0.5]},
								"south": {"uv": [14, 4], "uv_size": [1.5, 0.5]},
								"west": {"uv": [14, 10], "uv_size": [0.5, 0.5]},
								"up": {"uv": [6, 14], "uv_size": [1.5, 0.5]},
								"down": {"uv": [14, 7.5], "uv_size": [1.5, -0.5]}
							}
						}
					]
				}
			]
		}
	]
}