{
	"format_version": "1.10.0",
	"particle_effect": {
		"description": {
			"identifier": "sine:coudeyparticle",
			"basic_render_parameters": {
				"material": "particles_blend",
				"texture": "textures/particle/particle"
			}
		},
		"components": {
			"minecraft:emitter_rate_steady": {
				"spawn_rate": 3,
				"max_particles": 100
			},
			"minecraft:emitter_lifetime_looping": {
				"active_time": 1
			},
			"minecraft:emitter_shape_box": {
				"offset": [
					0,
					0.1,
					0
				],
				"half_dimensions": [
					0.1,
					0,
					0.1
				],
				"direction": [
					0,
					-1,
					0
				]
			},
			"minecraft:particle_lifetime_expression": {
				"max_lifetime": "variable.particle_random_1*2"
			},
			"minecraft:particle_initial_speed": 0.2,
			"minecraft:particle_motion_dynamic": {
				"linear_acceleration": [
					0,
					-0.1,
					0
				]
			},
			"minecraft:particle_appearance_billboard": {
				"size": [
					0.05,
					0.05
				],
				"facing_camera_mode": "rotate_xyz",
				"uv": {
					"texture_width": 16,
					"texture_height": 16,
					"uv": [
						0,
						0
					],
					"uv_size": [
						16,
						16
					]
				}
			},
			"minecraft:particle_appearance_lighting": {},
			"minecraft:particle_appearance_tinting": {
				"color": [
					0.20784,
					0.82745,
					1,
					0.23922
				]
			}
		}
	}
}