{
	"format_version": "1.10.0",
	"particle_effect": {
		"description": {
			"identifier": "sine:customendrod",
			"basic_render_parameters": {
				"material": "particles_alpha",
				"texture": "textures/particle/particles"
			}
		},
		"components": {
			"minecraft:emitter_rate_steady": {
				"spawn_rate": 5,
				"max_particles": 100
			},
			"minecraft:emitter_lifetime_once": {
				"active_time": 2
			},
			"minecraft:emitter_shape_point": {
				"direction": [
					0,
					-1,
					0
				]
			},
			"minecraft:particle_lifetime_expression": {
				"max_lifetime": 4
			},
			"minecraft:particle_initial_speed": 0.1,
			"minecraft:particle_motion_dynamic": {},
			"minecraft:particle_appearance_billboard": {
				"size": [
					0.1,
					0.1
				],
				"facing_camera_mode": "rotate_xyz",
				"uv": {
					"texture_width": 16,
					"texture_height": 16,
					"flipbook": {
						"base_UV": [
							0,
							11
						],
						"size_UV": [
							1,
							1
						],
						"step_UV": [
							1,
							0
						],
						"frames_per_second": 2,
						"max_frame": 6
					}
				}
			},
			"minecraft:particle_appearance_lighting": {}
		}
	}
}