{
	"format_version": "1.18.30",
	"minecraft:attachable": {
		"description": {
			"identifier": "sine:sinehat",
			"materials": {
				"default": "armor",
				"enchanted": "armor_enchanted"
			},
			"textures": {
				"default": "textures/sinehattexture",
				"enchanted": "textures/misc/enchanted_item_glint"
			},
			"geometry": {
				"default": "geometry.sinehat"
			},
			"scripts": {
				"parent_setup": "variable.helmet_layer_visible = 0.0;"
			},
			"render_controllers": [
				"controller.render.armor"
			]
		}
	}
}